<?xml version="1.0" encoding="UTF-8"?>
<export version="E">
  <design>
    <source>C:\Users\Hubert\Desktop\Praca_inzynierska\Schematics\BLDC_driver\BLDC_driver.kicad_sch</source>
    <date>2024-07-23 01:13:25</date>
    <tool>Eeschema 7.0.7</tool>
    <sheet number="1" name="/" tstamps="/">
      <title_block>
        <title>BLDC_driver</title>
        <company>Hubert Kolano</company>
        <rev/>
        <date/>
        <source>BLDC_driver.kicad_sch</source>
        <comment number="1" value=""/>
        <comment number="2" value=""/>
        <comment number="3" value=""/>
        <comment number="4" value=""/>
        <comment number="5" value=""/>
        <comment number="6" value=""/>
        <comment number="7" value=""/>
        <comment number="8" value=""/>
        <comment number="9" value=""/>
      </title_block>
    </sheet>
  </design>
  <components>
    <comp ref="150u/35v1">
      <value>C</value>
      <libsource lib="Device" part="C_Polarized" description="Polarized capacitor"/>
      <property name="Sheetname" value=""/>
      <property name="Sheetfile" value="BLDC_driver.kicad_sch"/>
      <property name="ki_description" value="Polarized capacitor"/>
      <property name="ki_keywords" value="cap capacitor"/>
      <sheetpath names="/" tstamps="/"/>
      <tstamps>63202667-b645-42d9-841f-c29b2b84cd66</tstamps>
    </comp>
    <comp ref="C1">
      <value>22u</value>
      <libsource lib="Device" part="C" description="Unpolarized capacitor"/>
      <property name="Sheetname" value=""/>
      <property name="Sheetfile" value="BLDC_driver.kicad_sch"/>
      <property name="ki_description" value="Unpolarized capacitor"/>
      <property name="ki_keywords" value="cap capacitor"/>
      <sheetpath names="/" tstamps="/"/>
      <tstamps>641de81b-de03-47cd-b9b1-1ac9b1e8b619</tstamps>
    </comp>
    <comp ref="C2">
      <value>0.1u</value>
      <libsource lib="Device" part="C" description="Unpolarized capacitor"/>
      <property name="Sheetname" value=""/>
      <property name="Sheetfile" value="BLDC_driver.kicad_sch"/>
      <property name="ki_description" value="Unpolarized capacitor"/>
      <property name="ki_keywords" value="cap capacitor"/>
      <sheetpath names="/" tstamps="/"/>
      <tstamps>8d4c8ad6-fe8b-4d8d-867b-ca8e79220445</tstamps>
    </comp>
    <comp ref="C3">
      <value>0.1u</value>
      <libsource lib="Device" part="C" description="Unpolarized capacitor"/>
      <property name="Sheetname" value=""/>
      <property name="Sheetfile" value="BLDC_driver.kicad_sch"/>
      <property name="ki_description" value="Unpolarized capacitor"/>
      <property name="ki_keywords" value="cap capacitor"/>
      <sheetpath names="/" tstamps="/"/>
      <tstamps>7b3ea40b-13f9-4614-a0d0-a615cdbbd682</tstamps>
    </comp>
    <comp ref="C4">
      <value>0.1u</value>
      <libsource lib="Device" part="C" description="Unpolarized capacitor"/>
      <property name="Sheetname" value=""/>
      <property name="Sheetfile" value="BLDC_driver.kicad_sch"/>
      <property name="ki_description" value="Unpolarized capacitor"/>
      <property name="ki_keywords" value="cap capacitor"/>
      <sheetpath names="/" tstamps="/"/>
      <tstamps>7bb0d26f-ec05-4431-bd8b-64fc7dbdec2a</tstamps>
    </comp>
    <comp ref="C5">
      <value>0.1u</value>
      <libsource lib="Device" part="C" description="Unpolarized capacitor"/>
      <property name="Sheetname" value=""/>
      <property name="Sheetfile" value="BLDC_driver.kicad_sch"/>
      <property name="ki_description" value="Unpolarized capacitor"/>
      <property name="ki_keywords" value="cap capacitor"/>
      <sheetpath names="/" tstamps="/"/>
      <tstamps>3d446b6f-4649-4485-9d19-5af6d6cfb7dc</tstamps>
    </comp>
    <comp ref="C6">
      <value>0.1u</value>
      <libsource lib="Device" part="C" description="Unpolarized capacitor"/>
      <property name="Sheetname" value=""/>
      <property name="Sheetfile" value="BLDC_driver.kicad_sch"/>
      <property name="ki_description" value="Unpolarized capacitor"/>
      <property name="ki_keywords" value="cap capacitor"/>
      <sheetpath names="/" tstamps="/"/>
      <tstamps>9e8870ec-0ff4-4372-904f-72cf166cf60b</tstamps>
    </comp>
    <comp ref="C7">
      <value>0.1u</value>
      <libsource lib="Device" part="C" description="Unpolarized capacitor"/>
      <property name="Sheetname" value=""/>
      <property name="Sheetfile" value="BLDC_driver.kicad_sch"/>
      <property name="ki_description" value="Unpolarized capacitor"/>
      <property name="ki_keywords" value="cap capacitor"/>
      <sheetpath names="/" tstamps="/"/>
      <tstamps>3e1f6a5c-5d14-4a81-a289-aa0920f1f841</tstamps>
    </comp>
    <comp ref="C8">
      <value>0.1u</value>
      <libsource lib="Device" part="C" description="Unpolarized capacitor"/>
      <property name="Sheetname" value=""/>
      <property name="Sheetfile" value="BLDC_driver.kicad_sch"/>
      <property name="ki_description" value="Unpolarized capacitor"/>
      <property name="ki_keywords" value="cap capacitor"/>
      <sheetpath names="/" tstamps="/"/>
      <tstamps>0536afcb-6f72-44e6-a2a4-7b743ae5d0ae</tstamps>
    </comp>
    <comp ref="C9">
      <value>22u</value>
      <libsource lib="Device" part="C" description="Unpolarized capacitor"/>
      <property name="Sheetname" value=""/>
      <property name="Sheetfile" value="BLDC_driver.kicad_sch"/>
      <property name="ki_description" value="Unpolarized capacitor"/>
      <property name="ki_keywords" value="cap capacitor"/>
      <sheetpath names="/" tstamps="/"/>
      <tstamps>98c0fd53-9d09-4f44-905b-f1d27c99bdf4</tstamps>
    </comp>
    <comp ref="C10">
      <value>22u</value>
      <libsource lib="Device" part="C" description="Unpolarized capacitor"/>
      <property name="Sheetname" value=""/>
      <property name="Sheetfile" value="BLDC_driver.kicad_sch"/>
      <property name="ki_description" value="Unpolarized capacitor"/>
      <property name="ki_keywords" value="cap capacitor"/>
      <sheetpath names="/" tstamps="/"/>
      <tstamps>3d750240-44f7-4bdb-9a48-3af7b183f8ec</tstamps>
    </comp>
    <comp ref="C11">
      <value>100n</value>
      <footprint>Capacitor_SMD:C_0402_1005Metric_Pad0.74x0.62mm_HandSolder</footprint>
      <libsource lib="Device" part="C_Small" description="Unpolarized capacitor, small symbol"/>
      <property name="Sheetname" value=""/>
      <property name="Sheetfile" value="BLDC_driver.kicad_sch"/>
      <property name="ki_description" value="Unpolarized capacitor, small symbol"/>
      <property name="ki_keywords" value="capacitor cap"/>
      <sheetpath names="/" tstamps="/"/>
      <tstamps>87c83c80-6743-4422-bc6e-06ca94c2c804</tstamps>
    </comp>
    <comp ref="C12">
      <value>10n+ ceramic</value>
      <libsource lib="Device" part="C" description="Unpolarized capacitor"/>
      <property name="Sheetname" value=""/>
      <property name="Sheetfile" value="BLDC_driver.kicad_sch"/>
      <property name="ki_description" value="Unpolarized capacitor"/>
      <property name="ki_keywords" value="cap capacitor"/>
      <sheetpath names="/" tstamps="/"/>
      <tstamps>a8819983-6db0-4f94-84a0-67a0ec196965</tstamps>
    </comp>
    <comp ref="C13">
      <value>22u</value>
      <libsource lib="Device" part="C" description="Unpolarized capacitor"/>
      <property name="Sheetname" value=""/>
      <property name="Sheetfile" value="BLDC_driver.kicad_sch"/>
      <property name="ki_description" value="Unpolarized capacitor"/>
      <property name="ki_keywords" value="cap capacitor"/>
      <sheetpath names="/" tstamps="/"/>
      <tstamps>8ac89aa7-5ce3-43e7-8ec3-f014de03f1ce</tstamps>
    </comp>
    <comp ref="C14">
      <value>150u/35v</value>
      <libsource lib="Device" part="C_Polarized" description="Polarized capacitor"/>
      <property name="Sheetname" value=""/>
      <property name="Sheetfile" value="BLDC_driver.kicad_sch"/>
      <property name="ki_description" value="Polarized capacitor"/>
      <property name="ki_keywords" value="cap capacitor"/>
      <sheetpath names="/" tstamps="/"/>
      <tstamps>09b5441f-49fc-4ced-a969-e2dd9f27b955</tstamps>
    </comp>
    <comp ref="C15">
      <value>22u</value>
      <libsource lib="Device" part="C" description="Unpolarized capacitor"/>
      <property name="Sheetname" value=""/>
      <property name="Sheetfile" value="BLDC_driver.kicad_sch"/>
      <property name="ki_description" value="Unpolarized capacitor"/>
      <property name="ki_keywords" value="cap capacitor"/>
      <sheetpath names="/" tstamps="/"/>
      <tstamps>db9781b3-4fc5-40f8-b916-f045930de74b</tstamps>
    </comp>
    <comp ref="C16">
      <value>0.1u</value>
      <libsource lib="Device" part="C" description="Unpolarized capacitor"/>
      <property name="Sheetname" value=""/>
      <property name="Sheetfile" value="BLDC_driver.kicad_sch"/>
      <property name="ki_description" value="Unpolarized capacitor"/>
      <property name="ki_keywords" value="cap capacitor"/>
      <sheetpath names="/" tstamps="/"/>
      <tstamps>44905721-2387-4e55-82ad-2056ec9028e2</tstamps>
    </comp>
    <comp ref="C17">
      <value>0.1u</value>
      <libsource lib="Device" part="C" description="Unpolarized capacitor"/>
      <property name="Sheetname" value=""/>
      <property name="Sheetfile" value="BLDC_driver.kicad_sch"/>
      <property name="ki_description" value="Unpolarized capacitor"/>
      <property name="ki_keywords" value="cap capacitor"/>
      <sheetpath names="/" tstamps="/"/>
      <tstamps>b4bdda02-a0e0-479b-94fa-d7f8f79e57e4</tstamps>
    </comp>
    <comp ref="D1">
      <value>1N58xx</value>
      <footprint>Diode_THT:D_DO-201AD_P15.24mm_Horizontal</footprint>
      <datasheet>http://www.vishay.com/docs/88526/1n5820.pdf</datasheet>
      <libsource lib="Diode" part="1N5822" description="40V 3A Schottky Barrier Rectifier Diode, DO-201AD"/>
      <property name="Sheetname" value=""/>
      <property name="Sheetfile" value="BLDC_driver.kicad_sch"/>
      <property name="ki_description" value="40V 3A Schottky Barrier Rectifier Diode, DO-201AD"/>
      <property name="ki_keywords" value="diode Schottky"/>
      <sheetpath names="/" tstamps="/"/>
      <tstamps>d4866b39-c957-42bc-b055-302acad3fa9c</tstamps>
    </comp>
    <comp ref="D2">
      <value>RED</value>
      <libsource lib="Device" part="LED" description="Light emitting diode"/>
      <property name="Sheetname" value=""/>
      <property name="Sheetfile" value="BLDC_driver.kicad_sch"/>
      <property name="ki_description" value="Light emitting diode"/>
      <property name="ki_keywords" value="LED diode"/>
      <sheetpath names="/" tstamps="/"/>
      <tstamps>ae5e73d5-0952-418b-8595-cebfb15edbdf</tstamps>
    </comp>
    <comp ref="D3">
      <value>RED</value>
      <libsource lib="Device" part="LED" description="Light emitting diode"/>
      <property name="Sheetname" value=""/>
      <property name="Sheetfile" value="BLDC_driver.kicad_sch"/>
      <property name="ki_description" value="Light emitting diode"/>
      <property name="ki_keywords" value="LED diode"/>
      <sheetpath names="/" tstamps="/"/>
      <tstamps>185862ff-fdf8-4596-b247-3fc550973e57</tstamps>
    </comp>
    <comp ref="H1">
      <value>MountingHole</value>
      <footprint>MountingHole:MountingHole_3.2mm_M3_Pad_Via</footprint>
      <libsource lib="Mechanical" part="MountingHole_Pad" description="Mounting Hole with connection"/>
      <property name="Sheetname" value=""/>
      <property name="Sheetfile" value="BLDC_driver.kicad_sch"/>
      <property name="ki_description" value="Mounting Hole with connection"/>
      <property name="ki_keywords" value="mounting hole"/>
      <sheetpath names="/" tstamps="/"/>
      <tstamps>5d1999d8-a971-4aad-a2ea-59f2784dbd26</tstamps>
    </comp>
    <comp ref="H2">
      <value>MountingHole</value>
      <footprint>MountingHole:MountingHole_3.2mm_M3_Pad_Via</footprint>
      <libsource lib="Mechanical" part="MountingHole_Pad" description="Mounting Hole with connection"/>
      <property name="Sheetname" value=""/>
      <property name="Sheetfile" value="BLDC_driver.kicad_sch"/>
      <property name="ki_description" value="Mounting Hole with connection"/>
      <property name="ki_keywords" value="mounting hole"/>
      <sheetpath names="/" tstamps="/"/>
      <tstamps>3d6e5044-ec83-4895-8119-82565fac88be</tstamps>
    </comp>
    <comp ref="H3">
      <value>MountingHole</value>
      <footprint>MountingHole:MountingHole_3.2mm_M3_Pad_Via</footprint>
      <libsource lib="Mechanical" part="MountingHole_Pad" description="Mounting Hole with connection"/>
      <property name="Sheetname" value=""/>
      <property name="Sheetfile" value="BLDC_driver.kicad_sch"/>
      <property name="ki_description" value="Mounting Hole with connection"/>
      <property name="ki_keywords" value="mounting hole"/>
      <sheetpath names="/" tstamps="/"/>
      <tstamps>0dfabfee-2524-4184-8556-00e965c5f70f</tstamps>
    </comp>
    <comp ref="H4">
      <value>MountingHole</value>
      <footprint>MountingHole:MountingHole_3.2mm_M3_Pad_Via</footprint>
      <libsource lib="Mechanical" part="MountingHole_Pad" description="Mounting Hole with connection"/>
      <property name="Sheetname" value=""/>
      <property name="Sheetfile" value="BLDC_driver.kicad_sch"/>
      <property name="ki_description" value="Mounting Hole with connection"/>
      <property name="ki_keywords" value="mounting hole"/>
      <sheetpath names="/" tstamps="/"/>
      <tstamps>de586d78-b120-4bf3-8152-55d968a32735</tstamps>
    </comp>
    <comp ref="H5">
      <value>MountingHole</value>
      <footprint>MountingHole:MountingHole_3.2mm_M3_Pad_Via</footprint>
      <libsource lib="Mechanical" part="MountingHole_Pad" description="Mounting Hole with connection"/>
      <property name="Sheetname" value=""/>
      <property name="Sheetfile" value="BLDC_driver.kicad_sch"/>
      <property name="ki_description" value="Mounting Hole with connection"/>
      <property name="ki_keywords" value="mounting hole"/>
      <sheetpath names="/" tstamps="/"/>
      <tstamps>fd9033f8-9f62-4d19-ba82-8e00a8de8755</tstamps>
    </comp>
    <comp ref="H6">
      <value>MountingHole</value>
      <footprint>MountingHole:MountingHole_3.2mm_M3_Pad_Via</footprint>
      <libsource lib="Mechanical" part="MountingHole_Pad" description="Mounting Hole with connection"/>
      <property name="Sheetname" value=""/>
      <property name="Sheetfile" value="BLDC_driver.kicad_sch"/>
      <property name="ki_description" value="Mounting Hole with connection"/>
      <property name="ki_keywords" value="mounting hole"/>
      <sheetpath names="/" tstamps="/"/>
      <tstamps>5381f841-2d66-4bb1-914c-9cf1f44a1f94</tstamps>
    </comp>
    <comp ref="H7">
      <value>MountingHole</value>
      <footprint>MountingHole:MountingHole_3.2mm_M3_Pad_Via</footprint>
      <libsource lib="Mechanical" part="MountingHole_Pad" description="Mounting Hole with connection"/>
      <property name="Sheetname" value=""/>
      <property name="Sheetfile" value="BLDC_driver.kicad_sch"/>
      <property name="ki_description" value="Mounting Hole with connection"/>
      <property name="ki_keywords" value="mounting hole"/>
      <sheetpath names="/" tstamps="/"/>
      <tstamps>abd2ec7c-7b4f-481e-869b-67206cff5c58</tstamps>
    </comp>
    <comp ref="H8">
      <value>MountingHole</value>
      <footprint>MountingHole:MountingHole_3.2mm_M3_Pad_Via</footprint>
      <libsource lib="Mechanical" part="MountingHole_Pad" description="Mounting Hole with connection"/>
      <property name="Sheetname" value=""/>
      <property name="Sheetfile" value="BLDC_driver.kicad_sch"/>
      <property name="ki_description" value="Mounting Hole with connection"/>
      <property name="ki_keywords" value="mounting hole"/>
      <sheetpath names="/" tstamps="/"/>
      <tstamps>8e4a4053-9962-41d4-a490-058c8f0aa1f6</tstamps>
    </comp>
    <comp ref="J1">
      <value>DA15_Plug_MountingHoles</value>
      <footprint>Connector_Dsub:DSUB-15_Female_Vertical_P2.77x2.84mm_MountingHoles</footprint>
      <datasheet> ~</datasheet>
      <libsource lib="Connector" part="DA15_Plug_MountingHoles" description="15-pin male plug pin D-SUB connector (low-density/2 columns), Mounting Hole"/>
      <property name="Sheetname" value=""/>
      <property name="Sheetfile" value="BLDC_driver.kicad_sch"/>
      <property name="ki_description" value="15-pin male plug pin D-SUB connector (low-density/2 columns), Mounting Hole"/>
      <property name="ki_keywords" value="male plug D-SUB connector"/>
      <sheetpath names="/" tstamps="/"/>
      <tstamps>dea4b15b-7901-41b5-ab25-782aa331ec5f</tstamps>
    </comp>
    <comp ref="J2">
      <value>Display connectors</value>
      <footprint>Connector_PinHeader_2.54mm:PinHeader_1x04_P2.54mm_Vertical</footprint>
      <libsource lib="Connector" part="Conn_01x04_Pin" description="Generic connector, single row, 01x04, script generated"/>
      <property name="Sheetname" value=""/>
      <property name="Sheetfile" value="BLDC_driver.kicad_sch"/>
      <property name="ki_description" value="Generic connector, single row, 01x04, script generated"/>
      <property name="ki_keywords" value="connector"/>
      <sheetpath names="/" tstamps="/"/>
      <tstamps>d63b9c3d-b8f6-4605-b323-57aafa74f490</tstamps>
    </comp>
    <comp ref="J3">
      <value>Conn_01x07_Pin</value>
      <libsource lib="Connector" part="Conn_01x07_Pin" description="Generic connector, single row, 01x07, script generated"/>
      <property name="Sheetname" value=""/>
      <property name="Sheetfile" value="BLDC_driver.kicad_sch"/>
      <property name="ki_description" value="Generic connector, single row, 01x07, script generated"/>
      <property name="ki_keywords" value="connector"/>
      <sheetpath names="/" tstamps="/"/>
      <tstamps>1802d15d-e8c3-4418-9e1a-2013493849cb</tstamps>
    </comp>
    <comp ref="J4">
      <value>USB_B_Micro</value>
      <footprint>Connector_USB:USB_Mini-B_Wuerth_65100516121_Horizontal</footprint>
      <libsource lib="Connector" part="USB_B_Micro" description="USB Micro Type B connector"/>
      <property name="Sheetname" value=""/>
      <property name="Sheetfile" value="BLDC_driver.kicad_sch"/>
      <property name="ki_description" value="USB Micro Type B connector"/>
      <property name="ki_keywords" value="connector USB micro"/>
      <sheetpath names="/" tstamps="/"/>
      <tstamps>6b4be876-c4fa-4923-b5d6-ca7ee2851fcd</tstamps>
    </comp>
    <comp ref="J5">
      <value>DE9_Receptacle_MountingHoles</value>
      <footprint>Connector_Dsub:DSUB-9_Female_Vertical_P2.77x2.84mm_MountingHoles</footprint>
      <datasheet> ~</datasheet>
      <libsource lib="Connector" part="DE9_Receptacle_MountingHoles" description="9-pin female receptacle socket D-SUB connector, Mounting Hole"/>
      <property name="Sheetname" value=""/>
      <property name="Sheetfile" value="BLDC_driver.kicad_sch"/>
      <property name="ki_description" value="9-pin female receptacle socket D-SUB connector, Mounting Hole"/>
      <property name="ki_keywords" value="connector receptacle female D-SUB DB9"/>
      <sheetpath names="/" tstamps="/"/>
      <tstamps>0116bea6-fe32-4139-857b-4b10e3430f0f</tstamps>
    </comp>
    <comp ref="J6">
      <value>Programmer IO</value>
      <footprint>Connector_PinHeader_2.54mm:PinHeader_1x06_P2.54mm_Vertical</footprint>
      <libsource lib="Connector" part="Conn_01x07_Pin" description="Generic connector, single row, 01x07, script generated"/>
      <property name="Sheetname" value=""/>
      <property name="Sheetfile" value="BLDC_driver.kicad_sch"/>
      <property name="ki_description" value="Generic connector, single row, 01x07, script generated"/>
      <property name="ki_keywords" value="connector"/>
      <sheetpath names="/" tstamps="/"/>
      <tstamps>9a8301d1-1e48-4a1a-85cf-b7233b3afbbc</tstamps>
    </comp>
    <comp ref="J7">
      <value>Conn_02x08_Counter_Clockwise</value>
      <footprint>Connector_PinHeader_2.54mm:PinHeader_2x08_P2.54mm_Vertical</footprint>
      <libsource lib="Connector_Generic" part="Conn_02x08_Counter_Clockwise" description="Generic connector, double row, 02x08, counter clockwise pin numbering scheme (similar to DIP package numbering), script generated (kicad-library-utils/schlib/autogen/connector/)"/>
      <property name="Sheetname" value=""/>
      <property name="Sheetfile" value="BLDC_driver.kicad_sch"/>
      <property name="ki_description" value="Generic connector, double row, 02x08, counter clockwise pin numbering scheme (similar to DIP package numbering), script generated (kicad-library-utils/schlib/autogen/connector/)"/>
      <property name="ki_keywords" value="connector"/>
      <sheetpath names="/" tstamps="/"/>
      <tstamps>6e70d770-3fbe-4623-b65a-1f34665914e1</tstamps>
    </comp>
    <comp ref="L1">
      <value>47u</value>
      <libsource lib="Device" part="L" description="Inductor"/>
      <property name="Sheetname" value=""/>
      <property name="Sheetfile" value="BLDC_driver.kicad_sch"/>
      <property name="ki_description" value="Inductor"/>
      <property name="ki_keywords" value="inductor choke coil reactor magnetic"/>
      <sheetpath names="/" tstamps="/"/>
      <tstamps>10753fd1-7d84-4496-b4ae-f10f0b9b10f4</tstamps>
    </comp>
    <comp ref="Q1">
      <value>UMH3N</value>
      <footprint>Package_TO_SOT_SMD:SOT-363_SC-70-6</footprint>
      <datasheet>http://rohmfs.rohm.com/en/products/databook/datasheet/discrete/transistor/digital/emh3t2r-e.pdf</datasheet>
      <libsource lib="Transistor_BJT" part="UMH3N" description="0.1A Ic, 50V Vce, Dual NPN Input Resistor Transistors, SOT-363"/>
      <property name="Sheetname" value=""/>
      <property name="Sheetfile" value="BLDC_driver.kicad_sch"/>
      <property name="ki_description" value="0.1A Ic, 50V Vce, Dual NPN Input Resistor Transistors, SOT-363"/>
      <property name="ki_keywords" value="Dual NPN Transistor"/>
      <sheetpath names="/" tstamps="/"/>
      <tstamps>996949e8-7841-43f5-b898-274b039a6928 881c15b8-ae91-4abb-9981-58bc26a6f037</tstamps>
    </comp>
    <comp ref="R1">
      <value>10K</value>
      <footprint>Resistor_SMD:R_0402_1005Metric_Pad0.72x0.64mm_HandSolder</footprint>
      <libsource lib="Device" part="R_Small" description="Resistor, small symbol"/>
      <property name="Sheetname" value=""/>
      <property name="Sheetfile" value="BLDC_driver.kicad_sch"/>
      <property name="ki_description" value="Resistor, small symbol"/>
      <property name="ki_keywords" value="R resistor"/>
      <sheetpath names="/" tstamps="/"/>
      <tstamps>463c44c8-d0cd-4c18-ad71-8415a956b50b</tstamps>
    </comp>
    <comp ref="R2">
      <value>7k5</value>
      <footprint>Resistor_SMD:R_0402_1005Metric_Pad0.72x0.64mm_HandSolder</footprint>
      <libsource lib="Device" part="R_Small" description="Resistor, small symbol"/>
      <property name="Sheetname" value=""/>
      <property name="Sheetfile" value="BLDC_driver.kicad_sch"/>
      <property name="ki_description" value="Resistor, small symbol"/>
      <property name="ki_keywords" value="R resistor"/>
      <sheetpath names="/" tstamps="/"/>
      <tstamps>8fdb9e44-6863-4ff7-bae2-b808d9b901db</tstamps>
    </comp>
    <comp ref="R3">
      <value>10k</value>
      <libsource lib="Device" part="R" description="Resistor"/>
      <property name="Sheetname" value=""/>
      <property name="Sheetfile" value="BLDC_driver.kicad_sch"/>
      <property name="ki_description" value="Resistor"/>
      <property name="ki_keywords" value="R res resistor"/>
      <sheetpath names="/" tstamps="/"/>
      <tstamps>2381f036-616f-4c41-91cb-4649b2e8f310</tstamps>
    </comp>
    <comp ref="R4">
      <value>10k</value>
      <libsource lib="Device" part="R" description="Resistor"/>
      <property name="Sheetname" value=""/>
      <property name="Sheetfile" value="BLDC_driver.kicad_sch"/>
      <property name="ki_description" value="Resistor"/>
      <property name="ki_keywords" value="R res resistor"/>
      <sheetpath names="/" tstamps="/"/>
      <tstamps>42f91a3e-29ad-4e6d-a23b-3fd35fd8e8de</tstamps>
    </comp>
    <comp ref="R5">
      <value>10k</value>
      <libsource lib="Device" part="R" description="Resistor"/>
      <property name="Sheetname" value=""/>
      <property name="Sheetfile" value="BLDC_driver.kicad_sch"/>
      <property name="ki_description" value="Resistor"/>
      <property name="ki_keywords" value="R res resistor"/>
      <sheetpath names="/" tstamps="/"/>
      <tstamps>9a600ae2-e145-4550-bfa0-9b8a681a54c1</tstamps>
    </comp>
    <comp ref="R6">
      <value>10k</value>
      <footprint>Resistor_SMD:R_0402_1005Metric_Pad0.72x0.64mm_HandSolder</footprint>
      <libsource lib="Device" part="R_Small" description="Resistor, small symbol"/>
      <property name="Sheetname" value=""/>
      <property name="Sheetfile" value="BLDC_driver.kicad_sch"/>
      <property name="ki_description" value="Resistor, small symbol"/>
      <property name="ki_keywords" value="R resistor"/>
      <sheetpath names="/" tstamps="/"/>
      <tstamps>0d0f80f9-f3da-4568-a5a7-4e22606ffd5d</tstamps>
    </comp>
    <comp ref="R7">
      <value>1k6</value>
      <footprint>Resistor_SMD:R_0402_1005Metric_Pad0.72x0.64mm_HandSolder</footprint>
      <libsource lib="Device" part="R_Small" description="Resistor, small symbol"/>
      <property name="Sheetname" value=""/>
      <property name="Sheetfile" value="BLDC_driver.kicad_sch"/>
      <property name="ki_description" value="Resistor, small symbol"/>
      <property name="ki_keywords" value="R resistor"/>
      <sheetpath names="/" tstamps="/"/>
      <tstamps>e4ecf755-8390-4b39-8f86-b22a9f8cb1a3</tstamps>
    </comp>
    <comp ref="R8">
      <value>10k</value>
      <footprint>Resistor_SMD:R_0402_1005Metric_Pad0.72x0.64mm_HandSolder</footprint>
      <libsource lib="Device" part="R_Small" description="Resistor, small symbol"/>
      <property name="Sheetname" value=""/>
      <property name="Sheetfile" value="BLDC_driver.kicad_sch"/>
      <property name="ki_description" value="Resistor, small symbol"/>
      <property name="ki_keywords" value="R resistor"/>
      <sheetpath names="/" tstamps="/"/>
      <tstamps>d665a7a5-2a28-4f28-af5d-cdcb84ed5c7c</tstamps>
    </comp>
    <comp ref="R9">
      <value>10k</value>
      <footprint>Resistor_SMD:R_0402_1005Metric_Pad0.72x0.64mm_HandSolder</footprint>
      <libsource lib="Device" part="R_Small" description="Resistor, small symbol"/>
      <property name="Sheetname" value=""/>
      <property name="Sheetfile" value="BLDC_driver.kicad_sch"/>
      <property name="ki_description" value="Resistor, small symbol"/>
      <property name="ki_keywords" value="R resistor"/>
      <sheetpath names="/" tstamps="/"/>
      <tstamps>81de375f-7c19-49d1-a229-927f2b026772</tstamps>
    </comp>
    <comp ref="R10">
      <value>10k</value>
      <footprint>Resistor_SMD:R_0402_1005Metric_Pad0.72x0.64mm_HandSolder</footprint>
      <libsource lib="Device" part="R_Small" description="Resistor, small symbol"/>
      <property name="Sheetname" value=""/>
      <property name="Sheetfile" value="BLDC_driver.kicad_sch"/>
      <property name="ki_description" value="Resistor, small symbol"/>
      <property name="ki_keywords" value="R resistor"/>
      <sheetpath names="/" tstamps="/"/>
      <tstamps>e2ffd0f2-415c-4863-a4c0-c968f7ec7982</tstamps>
    </comp>
    <comp ref="R11">
      <value>10k</value>
      <footprint>Resistor_SMD:R_0402_1005Metric_Pad0.72x0.64mm_HandSolder</footprint>
      <libsource lib="Device" part="R_Small" description="Resistor, small symbol"/>
      <property name="Sheetname" value=""/>
      <property name="Sheetfile" value="BLDC_driver.kicad_sch"/>
      <property name="ki_description" value="Resistor, small symbol"/>
      <property name="ki_keywords" value="R resistor"/>
      <sheetpath names="/" tstamps="/"/>
      <tstamps>0fb3d171-734d-4481-9c6d-a143336962e5</tstamps>
    </comp>
    <comp ref="SW1">
      <value>SW_MEC_5G</value>
      <datasheet>http://www.apem.com/int/index.php?controller=attachment&amp;id_attachment=488</datasheet>
      <libsource lib="Switch" part="SW_MEC_5G" description="MEC 5G single pole normally-open tactile switch"/>
      <property name="Sheetname" value=""/>
      <property name="Sheetfile" value="BLDC_driver.kicad_sch"/>
      <property name="ki_description" value="MEC 5G single pole normally-open tactile switch"/>
      <property name="ki_keywords" value="switch normally-open pushbutton push-button"/>
      <sheetpath names="/" tstamps="/"/>
      <tstamps>b9858909-7133-46d8-9906-36c616c2044c</tstamps>
    </comp>
    <comp ref="SW2">
      <value>SW_MEC_5G</value>
      <datasheet>http://www.apem.com/int/index.php?controller=attachment&amp;id_attachment=488</datasheet>
      <libsource lib="Switch" part="SW_MEC_5G" description="MEC 5G single pole normally-open tactile switch"/>
      <property name="Sheetname" value=""/>
      <property name="Sheetfile" value="BLDC_driver.kicad_sch"/>
      <property name="ki_description" value="MEC 5G single pole normally-open tactile switch"/>
      <property name="ki_keywords" value="switch normally-open pushbutton push-button"/>
      <sheetpath names="/" tstamps="/"/>
      <tstamps>482d7b54-92a5-41e1-964d-7eac3f41d85f</tstamps>
    </comp>
    <comp ref="SW3">
      <value>SW_MEC_5G</value>
      <datasheet>http://www.apem.com/int/index.php?controller=attachment&amp;id_attachment=488</datasheet>
      <libsource lib="Switch" part="SW_MEC_5G" description="MEC 5G single pole normally-open tactile switch"/>
      <property name="Sheetname" value=""/>
      <property name="Sheetfile" value="BLDC_driver.kicad_sch"/>
      <property name="ki_description" value="MEC 5G single pole normally-open tactile switch"/>
      <property name="ki_keywords" value="switch normally-open pushbutton push-button"/>
      <sheetpath names="/" tstamps="/"/>
      <tstamps>d153cd88-6859-49cb-9a4b-2cfa1aaa5a12</tstamps>
    </comp>
    <comp ref="SW4">
      <value>SW_MEC_5G</value>
      <datasheet>http://www.apem.com/int/index.php?controller=attachment&amp;id_attachment=488</datasheet>
      <libsource lib="Switch" part="SW_MEC_5G" description="MEC 5G single pole normally-open tactile switch"/>
      <property name="Sheetname" value=""/>
      <property name="Sheetfile" value="BLDC_driver.kicad_sch"/>
      <property name="ki_description" value="MEC 5G single pole normally-open tactile switch"/>
      <property name="ki_keywords" value="switch normally-open pushbutton push-button"/>
      <sheetpath names="/" tstamps="/"/>
      <tstamps>bcd3fdca-954c-45f5-8ba2-5f7aec3775f9</tstamps>
    </comp>
    <comp ref="SW5">
      <value>En_switch</value>
      <datasheet>http://www.apem.com/int/index.php?controller=attachment&amp;id_attachment=488</datasheet>
      <libsource lib="Switch" part="SW_MEC_5G" description="MEC 5G single pole normally-open tactile switch"/>
      <property name="Sheetname" value=""/>
      <property name="Sheetfile" value="BLDC_driver.kicad_sch"/>
      <property name="ki_description" value="MEC 5G single pole normally-open tactile switch"/>
      <property name="ki_keywords" value="switch normally-open pushbutton push-button"/>
      <sheetpath names="/" tstamps="/"/>
      <tstamps>940d3faf-74d6-4c4f-8cbd-1c28bad3a4f5</tstamps>
    </comp>
    <comp ref="U1">
      <value>ICL7660</value>
      <footprint>Package_SO:PowerIntegrations_SO-8</footprint>
      <datasheet>http://datasheets.maximintegrated.com/en/ds/ICL7660-MAX1044.pdf</datasheet>
      <libsource lib="Regulator_SwitchedCapacitor" part="ICL7660" description="Switched-Capacitor Voltage Converter, 1.5V to 10.0V operating supply voltage, 10mA with a 0.5V output drop, SO-8/DIP-8/µMAX-8/TO-99"/>
      <property name="Sheetname" value=""/>
      <property name="Sheetfile" value="BLDC_driver.kicad_sch"/>
      <property name="ki_description" value="Switched-Capacitor Voltage Converter, 1.5V to 10.0V operating supply voltage, 10mA with a 0.5V output drop, SO-8/DIP-8/µMAX-8/TO-99"/>
      <property name="ki_keywords" value="monolithic CMOS switched capacitor voltage converter invert double divide multiply"/>
      <sheetpath names="/" tstamps="/"/>
      <tstamps>904bef21-3290-4623-a972-1cebd34bbb1c</tstamps>
    </comp>
    <comp ref="U2">
      <value>LM2675M-5</value>
      <footprint>Package_SO:SOIC-8_3.9x4.9mm_P1.27mm</footprint>
      <datasheet>http://www.ti.com/lit/ds/symlink/lm2675.pdf</datasheet>
      <libsource lib="Regulator_Switching" part="LM2675M-5" description="5V, 1A Step-Down Voltage Regulator, SO-8"/>
      <property name="Sheetname" value=""/>
      <property name="Sheetfile" value="BLDC_driver.kicad_sch"/>
      <property name="ki_description" value="5V, 1A Step-Down Voltage Regulator, SO-8"/>
      <property name="ki_keywords" value="Step-Down Voltage Regulator 5V 1A"/>
      <sheetpath names="/" tstamps="/"/>
      <tstamps>d456612f-bf24-4eaf-b718-017026a18bee</tstamps>
    </comp>
    <comp ref="U3">
      <value>CH340C</value>
      <footprint>Package_SO:SOIC-16_3.9x9.9mm_P1.27mm</footprint>
      <datasheet>https://datasheet.lcsc.com/szlcsc/Jiangsu-Qin-Heng-CH340C_C84681.pdf</datasheet>
      <libsource lib="Interface_USB" part="CH340C" description="USB serial converter, UART, SOIC-16"/>
      <property name="Sheetname" value=""/>
      <property name="Sheetfile" value="BLDC_driver.kicad_sch"/>
      <property name="ki_description" value="USB serial converter, UART, SOIC-16"/>
      <property name="ki_keywords" value="USB UART Serial Converter Interface"/>
      <sheetpath names="/" tstamps="/"/>
      <tstamps>b6bc74f4-416c-45e6-b49a-0251ea4d5096</tstamps>
    </comp>
    <comp ref="U4">
      <value>ESP32-WROOM-32D</value>
      <footprint>esp32:ESP32-WROOM-32E</footprint>
      <datasheet>https://www.espressif.com/sites/default/files/documentation/esp32-wroom-32d_esp32-wroom-32u_datasheet_en.pdf</datasheet>
      <libsource lib="RF_Module" part="ESP32-WROOM-32D" description="RF Module, ESP32-D0WD SoC, Wi-Fi 802.11b/g/n, Bluetooth, BLE, 32-bit, 2.7-3.6V, onboard antenna, SMD"/>
      <property name="Sheetname" value=""/>
      <property name="Sheetfile" value="BLDC_driver.kicad_sch"/>
      <property name="ki_description" value="RF Module, ESP32-D0WD SoC, Wi-Fi 802.11b/g/n, Bluetooth, BLE, 32-bit, 2.7-3.6V, onboard antenna, SMD"/>
      <property name="ki_keywords" value="RF Radio BT ESP ESP32 Espressif onboard PCB antenna"/>
      <sheetpath names="/" tstamps="/"/>
      <tstamps>80421a90-1dd9-489a-9186-a648e4cb0dbf</tstamps>
    </comp>
    <comp ref="U5">
      <value>MAX3232</value>
      <footprint>Package_SO:SOIC-16_3.9x9.9mm_P1.27mm</footprint>
      <datasheet>https://datasheets.maximintegrated.com/en/ds/MAX3222-MAX3241.pdf</datasheet>
      <libsource lib="Interface_UART" part="MAX3232" description="3.0V to 5.5V, Low-Power, up to 1Mbps, True RS-232 Transceivers Using Four 0.1μF External Capacitors"/>
      <property name="Sheetname" value=""/>
      <property name="Sheetfile" value="BLDC_driver.kicad_sch"/>
      <property name="ki_description" value="3.0V to 5.5V, Low-Power, up to 1Mbps, True RS-232 Transceivers Using Four 0.1μF External Capacitors"/>
      <property name="ki_keywords" value="rs232 uart transceiver line-driver"/>
      <sheetpath names="/" tstamps="/"/>
      <tstamps>fd3b94ea-1490-4b11-9b91-390f9c5b5f21</tstamps>
    </comp>
    <comp ref="U6">
      <value>AMS1117-3.3</value>
      <footprint>Package_TO_SOT_SMD:SOT-223-3_TabPin2</footprint>
      <datasheet>http://www.advanced-monolithic.com/pdf/ds1117.pdf</datasheet>
      <libsource lib="Regulator_Linear" part="AMS1117-3.3" description="1A Low Dropout regulator, positive, 3.3V fixed output, SOT-223"/>
      <property name="Sheetname" value=""/>
      <property name="Sheetfile" value="BLDC_driver.kicad_sch"/>
      <property name="ki_description" value="1A Low Dropout regulator, positive, 3.3V fixed output, SOT-223"/>
      <property name="ki_keywords" value="linear regulator ldo fixed positive"/>
      <sheetpath names="/" tstamps="/"/>
      <tstamps>ad66d90c-9431-405c-9bb2-ea6fae5ac558</tstamps>
    </comp>
    <comp ref="U7">
      <value>LM358</value>
      <footprint>Package_DIP:DIP-8_W7.62mm</footprint>
      <datasheet>http://www.ti.com/lit/ds/symlink/lm2904-n.pdf</datasheet>
      <libsource lib="Amplifier_Operational" part="LM358" description="Low-Power, Dual Operational Amplifiers, DIP-8/SOIC-8/TO-99-8"/>
      <property name="Sheetname" value=""/>
      <property name="Sheetfile" value="BLDC_driver.kicad_sch"/>
      <property name="ki_description" value="Low-Power, Dual Operational Amplifiers, DIP-8/SOIC-8/TO-99-8"/>
      <property name="ki_keywords" value="dual opamp"/>
      <sheetpath names="/" tstamps="/"/>
      <tstamps>d972efb7-d9c8-4380-aed4-7f76acc6652e 9d1e0b76-6a1b-476f-940e-466b9a51eab7 15e9e02c-167a-470f-b0b4-5bc49f9ae122</tstamps>
    </comp>
    <comp ref="U8">
      <value>AMS1117-3.3</value>
      <footprint>Package_TO_SOT_SMD:SOT-223-3_TabPin2</footprint>
      <datasheet>http://www.advanced-monolithic.com/pdf/ds1117.pdf</datasheet>
      <libsource lib="Regulator_Linear" part="AMS1117-3.3" description="1A Low Dropout regulator, positive, 3.3V fixed output, SOT-223"/>
      <property name="Sheetname" value=""/>
      <property name="Sheetfile" value="BLDC_driver.kicad_sch"/>
      <property name="ki_description" value="1A Low Dropout regulator, positive, 3.3V fixed output, SOT-223"/>
      <property name="ki_keywords" value="linear regulator ldo fixed positive"/>
      <sheetpath names="/" tstamps="/"/>
      <tstamps>2e262503-dc36-4349-8117-6f2fd65be246</tstamps>
    </comp>
  </components>
  <libparts>
    <libpart lib="Amplifier_Operational" part="LM358">
      <description>Low-Power, Dual Operational Amplifiers, DIP-8/SOIC-8/TO-99-8</description>
      <docs>http://www.ti.com/lit/ds/symlink/lm2904-n.pdf</docs>
      <footprints>
        <fp>SOIC*3.9x4.9mm*P1.27mm*</fp>
        <fp>DIP*W7.62mm*</fp>
        <fp>TO*99*</fp>
        <fp>OnSemi*Micro8*</fp>
        <fp>TSSOP*3x3mm*P0.65mm*</fp>
        <fp>TSSOP*4.4x3mm*P0.65mm*</fp>
        <fp>MSOP*3x3mm*P0.65mm*</fp>
        <fp>SSOP*3.9x4.9mm*P0.635mm*</fp>
        <fp>LFCSP*2x2mm*P0.5mm*</fp>
        <fp>*SIP*</fp>
        <fp>SOIC*5.3x6.2mm*P1.27mm*</fp>
      </footprints>
      <fields>
        <field name="Reference">U</field>
        <field name="Value">LM358</field>
        <field name="Datasheet">http://www.ti.com/lit/ds/symlink/lm2904-n.pdf</field>
      </fields>
      <pins>
        <pin num="1" name="" type="output"/>
        <pin num="2" name="-" type="input"/>
        <pin num="3" name="+" type="input"/>
        <pin num="4" name="V-" type="power_in"/>
        <pin num="5" name="+" type="input"/>
        <pin num="6" name="-" type="input"/>
        <pin num="7" name="" type="output"/>
        <pin num="8" name="V+" type="power_in"/>
      </pins>
    </libpart>
    <libpart lib="Connector" part="Conn_01x04_Pin">
      <description>Generic connector, single row, 01x04, script generated</description>
      <docs>~</docs>
      <footprints>
        <fp>Connector*:*_1x??_*</fp>
      </footprints>
      <fields>
        <field name="Reference">J</field>
        <field name="Value">Conn_01x04_Pin</field>
        <field name="Datasheet">~</field>
      </fields>
      <pins>
        <pin num="1" name="Pin_1" type="passive"/>
        <pin num="2" name="Pin_2" type="passive"/>
        <pin num="3" name="Pin_3" type="passive"/>
        <pin num="4" name="Pin_4" type="passive"/>
      </pins>
    </libpart>
    <libpart lib="Connector" part="Conn_01x07_Pin">
      <description>Generic connector, single row, 01x07, script generated</description>
      <docs>~</docs>
      <footprints>
        <fp>Connector*:*_1x??_*</fp>
      </footprints>
      <fields>
        <field name="Reference">J</field>
        <field name="Value">Conn_01x07_Pin</field>
        <field name="Datasheet">~</field>
      </fields>
      <pins>
        <pin num="1" name="Pin_1" type="passive"/>
        <pin num="2" name="Pin_2" type="passive"/>
        <pin num="3" name="Pin_3" type="passive"/>
        <pin num="4" name="Pin_4" type="passive"/>
        <pin num="5" name="Pin_5" type="passive"/>
        <pin num="6" name="Pin_6" type="passive"/>
        <pin num="7" name="Pin_7" type="passive"/>
      </pins>
    </libpart>
    <libpart lib="Connector" part="DA15_Plug_MountingHoles">
      <description>15-pin male plug pin D-SUB connector (low-density/2 columns), Mounting Hole</description>
      <docs> ~</docs>
      <footprints>
        <fp>DSUB*Male*</fp>
      </footprints>
      <fields>
        <field name="Reference">J</field>
        <field name="Value">DA15_Plug_MountingHoles</field>
        <field name="Datasheet"> ~</field>
      </fields>
      <pins>
        <pin num="0" name="PAD" type="passive"/>
        <pin num="1" name="1" type="passive"/>
        <pin num="2" name="2" type="passive"/>
        <pin num="3" name="3" type="passive"/>
        <pin num="4" name="4" type="passive"/>
        <pin num="5" name="5" type="passive"/>
        <pin num="6" name="6" type="passive"/>
        <pin num="7" name="7" type="passive"/>
        <pin num="8" name="8" type="passive"/>
        <pin num="9" name="P9" type="passive"/>
        <pin num="10" name="P10" type="passive"/>
        <pin num="11" name="P111" type="passive"/>
        <pin num="12" name="P12" type="passive"/>
        <pin num="13" name="P13" type="passive"/>
        <pin num="14" name="P14" type="passive"/>
        <pin num="15" name="P15" type="passive"/>
      </pins>
    </libpart>
    <libpart lib="Connector" part="DE9_Receptacle_MountingHoles">
      <description>9-pin female receptacle socket D-SUB connector, Mounting Hole</description>
      <docs> ~</docs>
      <footprints>
        <fp>DSUB*Female*</fp>
      </footprints>
      <fields>
        <field name="Reference">J</field>
        <field name="Value">DE9_Receptacle_MountingHoles</field>
        <field name="Datasheet"> ~</field>
      </fields>
      <pins>
        <pin num="0" name="PAD" type="passive"/>
        <pin num="1" name="1" type="passive"/>
        <pin num="2" name="2" type="passive"/>
        <pin num="3" name="3" type="passive"/>
        <pin num="4" name="4" type="passive"/>
        <pin num="5" name="5" type="passive"/>
        <pin num="6" name="6" type="passive"/>
        <pin num="7" name="7" type="passive"/>
        <pin num="8" name="8" type="passive"/>
        <pin num="9" name="9" type="passive"/>
      </pins>
    </libpart>
    <libpart lib="Connector" part="USB_B_Micro">
      <description>USB Micro Type B connector</description>
      <docs>~</docs>
      <footprints>
        <fp>USB*</fp>
      </footprints>
      <fields>
        <field name="Reference">J</field>
        <field name="Value">USB_B_Micro</field>
        <field name="Datasheet">~</field>
      </fields>
      <pins>
        <pin num="1" name="VBUS" type="power_out"/>
        <pin num="2" name="D-" type="bidirectional"/>
        <pin num="3" name="D+" type="bidirectional"/>
        <pin num="4" name="ID" type="passive"/>
        <pin num="5" name="GND" type="power_out"/>
        <pin num="6" name="Shield" type="passive"/>
      </pins>
    </libpart>
    <libpart lib="Connector_Generic" part="Conn_02x08_Counter_Clockwise">
      <description>Generic connector, double row, 02x08, counter clockwise pin numbering scheme (similar to DIP package numbering), script generated (kicad-library-utils/schlib/autogen/connector/)</description>
      <docs>~</docs>
      <footprints>
        <fp>Connector*:*_2x??_*</fp>
      </footprints>
      <fields>
        <field name="Reference">J</field>
        <field name="Value">Conn_02x08_Counter_Clockwise</field>
        <field name="Datasheet">~</field>
      </fields>
      <pins>
        <pin num="1" name="Pin_1" type="passive"/>
        <pin num="2" name="Pin_2" type="passive"/>
        <pin num="3" name="Pin_3" type="passive"/>
        <pin num="4" name="Pin_4" type="passive"/>
        <pin num="5" name="Pin_5" type="passive"/>
        <pin num="6" name="Pin_6" type="passive"/>
        <pin num="7" name="Pin_7" type="passive"/>
        <pin num="8" name="Pin_8" type="passive"/>
        <pin num="9" name="Pin_9" type="passive"/>
        <pin num="10" name="Pin_10" type="passive"/>
        <pin num="11" name="Pin_11" type="passive"/>
        <pin num="12" name="Pin_12" type="passive"/>
        <pin num="13" name="Pin_13" type="passive"/>
        <pin num="14" name="Pin_14" type="passive"/>
        <pin num="15" name="Pin_15" type="passive"/>
        <pin num="16" name="Pin_16" type="passive"/>
      </pins>
    </libpart>
    <libpart lib="Device" part="C">
      <description>Unpolarized capacitor</description>
      <docs>~</docs>
      <footprints>
        <fp>C_*</fp>
      </footprints>
      <fields>
        <field name="Reference">C</field>
        <field name="Value">C</field>
        <field name="Datasheet">~</field>
      </fields>
      <pins>
        <pin num="1" name="" type="passive"/>
        <pin num="2" name="" type="passive"/>
      </pins>
    </libpart>
    <libpart lib="Device" part="C_Polarized">
      <description>Polarized capacitor</description>
      <docs>~</docs>
      <footprints>
        <fp>CP_*</fp>
      </footprints>
      <fields>
        <field name="Reference">C</field>
        <field name="Value">C_Polarized</field>
        <field name="Datasheet">~</field>
      </fields>
      <pins>
        <pin num="1" name="" type="passive"/>
        <pin num="2" name="" type="passive"/>
      </pins>
    </libpart>
    <libpart lib="Device" part="C_Small">
      <description>Unpolarized capacitor, small symbol</description>
      <docs>~</docs>
      <footprints>
        <fp>C_*</fp>
      </footprints>
      <fields>
        <field name="Reference">C</field>
        <field name="Value">C_Small</field>
        <field name="Datasheet">~</field>
      </fields>
      <pins>
        <pin num="1" name="" type="passive"/>
        <pin num="2" name="" type="passive"/>
      </pins>
    </libpart>
    <libpart lib="Device" part="L">
      <description>Inductor</description>
      <docs>~</docs>
      <footprints>
        <fp>Choke_*</fp>
        <fp>*Coil*</fp>
        <fp>Inductor_*</fp>
        <fp>L_*</fp>
      </footprints>
      <fields>
        <field name="Reference">L</field>
        <field name="Value">L</field>
        <field name="Datasheet">~</field>
      </fields>
      <pins>
        <pin num="1" name="1" type="passive"/>
        <pin num="2" name="2" type="passive"/>
      </pins>
    </libpart>
    <libpart lib="Device" part="LED">
      <description>Light emitting diode</description>
      <docs>~</docs>
      <footprints>
        <fp>LED*</fp>
        <fp>LED_SMD:*</fp>
        <fp>LED_THT:*</fp>
      </footprints>
      <fields>
        <field name="Reference">D</field>
        <field name="Value">LED</field>
        <field name="Datasheet">~</field>
      </fields>
      <pins>
        <pin num="1" name="K" type="passive"/>
        <pin num="2" name="A" type="passive"/>
      </pins>
    </libpart>
    <libpart lib="Device" part="R">
      <description>Resistor</description>
      <docs>~</docs>
      <footprints>
        <fp>R_*</fp>
      </footprints>
      <fields>
        <field name="Reference">R</field>
        <field name="Value">R</field>
        <field name="Datasheet">~</field>
      </fields>
      <pins>
        <pin num="1" name="" type="passive"/>
        <pin num="2" name="" type="passive"/>
      </pins>
    </libpart>
    <libpart lib="Device" part="R_Small">
      <description>Resistor, small symbol</description>
      <docs>~</docs>
      <footprints>
        <fp>R_*</fp>
      </footprints>
      <fields>
        <field name="Reference">R</field>
        <field name="Value">R_Small</field>
        <field name="Datasheet">~</field>
      </fields>
      <pins>
        <pin num="1" name="" type="passive"/>
        <pin num="2" name="" type="passive"/>
      </pins>
    </libpart>
    <libpart lib="Diode" part="1N5822">
      <description>40V 3A Schottky Barrier Rectifier Diode, DO-201AD</description>
      <docs>http://www.vishay.com/docs/88526/1n5820.pdf</docs>
      <footprints>
        <fp>D*DO?201AD*</fp>
      </footprints>
      <fields>
        <field name="Reference">D</field>
        <field name="Value">1N5822</field>
        <field name="Footprint">Diode_THT:D_DO-201AD_P15.24mm_Horizontal</field>
        <field name="Datasheet">http://www.vishay.com/docs/88526/1n5820.pdf</field>
      </fields>
      <pins>
        <pin num="1" name="K" type="passive"/>
        <pin num="2" name="A" type="passive"/>
      </pins>
    </libpart>
    <libpart lib="Interface_UART" part="MAX3232">
      <description>3.0V to 5.5V, Low-Power, up to 1Mbps, True RS-232 Transceivers Using Four 0.1μF External Capacitors</description>
      <docs>https://datasheets.maximintegrated.com/en/ds/MAX3222-MAX3241.pdf</docs>
      <footprints>
        <fp>SOIC*P1.27mm*</fp>
        <fp>DIP*W7.62mm*</fp>
        <fp>TSSOP*4.4x5mm*P0.65mm*</fp>
      </footprints>
      <fields>
        <field name="Reference">U</field>
        <field name="Value">MAX3232</field>
        <field name="Datasheet">https://datasheets.maximintegrated.com/en/ds/MAX3222-MAX3241.pdf</field>
      </fields>
      <pins>
        <pin num="1" name="C1+" type="passive"/>
        <pin num="2" name="VS+" type="power_out"/>
        <pin num="3" name="C1-" type="passive"/>
        <pin num="4" name="C2+" type="passive"/>
        <pin num="5" name="C2-" type="passive"/>
        <pin num="6" name="VS-" type="power_out"/>
        <pin num="7" name="T2OUT" type="output"/>
        <pin num="8" name="R2IN" type="input"/>
        <pin num="9" name="R2OUT" type="output"/>
        <pin num="10" name="T2IN" type="input"/>
        <pin num="11" name="T1IN" type="input"/>
        <pin num="12" name="R1OUT" type="output"/>
        <pin num="13" name="R1IN" type="input"/>
        <pin num="14" name="T1OUT" type="output"/>
        <pin num="15" name="GND" type="power_in"/>
        <pin num="16" name="VCC" type="power_in"/>
      </pins>
    </libpart>
    <libpart lib="Interface_USB" part="CH340C">
      <description>USB serial converter, UART, SOIC-16</description>
      <docs>https://datasheet.lcsc.com/szlcsc/Jiangsu-Qin-Heng-CH340C_C84681.pdf</docs>
      <footprints>
        <fp>SOIC*3.9x9.9mm*P1.27mm*</fp>
      </footprints>
      <fields>
        <field name="Reference">U</field>
        <field name="Value">CH340C</field>
        <field name="Footprint">Package_SO:SOIC-16_3.9x9.9mm_P1.27mm</field>
        <field name="Datasheet">https://datasheet.lcsc.com/szlcsc/Jiangsu-Qin-Heng-CH340C_C84681.pdf</field>
      </fields>
      <pins>
        <pin num="1" name="GND" type="power_in"/>
        <pin num="2" name="TXD" type="output"/>
        <pin num="3" name="RXD" type="input"/>
        <pin num="4" name="V3" type="passive"/>
        <pin num="5" name="UD+" type="bidirectional"/>
        <pin num="6" name="UD-" type="bidirectional"/>
        <pin num="7" name="NC" type="no_connect"/>
        <pin num="8" name="NC" type="no_connect"/>
        <pin num="9" name="~{CTS}" type="input"/>
        <pin num="10" name="~{DSR}" type="input"/>
        <pin num="11" name="~{RI}" type="input"/>
        <pin num="12" name="~{DCD}" type="input"/>
        <pin num="13" name="~{DTR}" type="output"/>
        <pin num="14" name="~{RTS}" type="output"/>
        <pin num="15" name="R232" type="input"/>
        <pin num="16" name="VCC" type="power_in"/>
      </pins>
    </libpart>
    <libpart lib="Mechanical" part="MountingHole_Pad">
      <description>Mounting Hole with connection</description>
      <docs>~</docs>
      <footprints>
        <fp>MountingHole*Pad*</fp>
      </footprints>
      <fields>
        <field name="Reference">H</field>
        <field name="Value">MountingHole_Pad</field>
        <field name="Datasheet">~</field>
      </fields>
      <pins>
        <pin num="1" name="1" type="input"/>
      </pins>
    </libpart>
    <libpart lib="RF_Module" part="ESP32-WROOM-32D">
      <description>RF Module, ESP32-D0WD SoC, Wi-Fi 802.11b/g/n, Bluetooth, BLE, 32-bit, 2.7-3.6V, onboard antenna, SMD</description>
      <docs>https://www.espressif.com/sites/default/files/documentation/esp32-wroom-32d_esp32-wroom-32u_datasheet_en.pdf</docs>
      <footprints>
        <fp>ESP32?WROOM?32D*</fp>
      </footprints>
      <fields>
        <field name="Reference">U</field>
        <field name="Value">ESP32-WROOM-32D</field>
        <field name="Footprint">RF_Module:ESP32-WROOM-32D</field>
        <field name="Datasheet">https://www.espressif.com/sites/default/files/documentation/esp32-wroom-32d_esp32-wroom-32u_datasheet_en.pdf</field>
      </fields>
      <pins>
        <pin num="1" name="GND" type="power_in"/>
        <pin num="2" name="VDD" type="power_in"/>
        <pin num="3" name="EN" type="input"/>
        <pin num="4" name="SENSOR_VP" type="input"/>
        <pin num="5" name="SENSOR_VN" type="input"/>
        <pin num="6" name="IO34" type="input"/>
        <pin num="7" name="IO35" type="input"/>
        <pin num="8" name="IO32" type="bidirectional"/>
        <pin num="9" name="IO33" type="bidirectional"/>
        <pin num="10" name="IO25" type="bidirectional"/>
        <pin num="11" name="IO26" type="bidirectional"/>
        <pin num="12" name="IO27" type="bidirectional"/>
        <pin num="13" name="IO14" type="bidirectional"/>
        <pin num="14" name="IO12" type="bidirectional"/>
        <pin num="15" name="GND" type="passive"/>
        <pin num="16" name="IO13" type="bidirectional"/>
        <pin num="17" name="SHD/SD2" type="bidirectional"/>
        <pin num="18" name="SWP/SD3" type="bidirectional"/>
        <pin num="19" name="SCS/CMD" type="bidirectional"/>
        <pin num="20" name="SCK/CLK" type="bidirectional"/>
        <pin num="21" name="SDO/SD0" type="bidirectional"/>
        <pin num="22" name="SDI/SD1" type="bidirectional"/>
        <pin num="23" name="IO15" type="bidirectional"/>
        <pin num="24" name="IO2" type="bidirectional"/>
        <pin num="25" name="IO0" type="bidirectional"/>
        <pin num="26" name="IO4" type="bidirectional"/>
        <pin num="27" name="IO16" type="bidirectional"/>
        <pin num="28" name="IO17" type="bidirectional"/>
        <pin num="29" name="IO5" type="bidirectional"/>
        <pin num="30" name="IO18" type="bidirectional"/>
        <pin num="31" name="IO19" type="bidirectional"/>
        <pin num="32" name="NC" type="no_connect"/>
        <pin num="33" name="IO21" type="bidirectional"/>
        <pin num="34" name="RXD0/IO3" type="bidirectional"/>
        <pin num="35" name="TXD0/IO1" type="bidirectional"/>
        <pin num="36" name="IO22" type="bidirectional"/>
        <pin num="37" name="IO23" type="bidirectional"/>
        <pin num="38" name="GND" type="passive"/>
        <pin num="39" name="GND" type="passive"/>
      </pins>
    </libpart>
    <libpart lib="Regulator_Linear" part="AMS1117-3.3">
      <description>1A Low Dropout regulator, positive, 3.3V fixed output, SOT-223</description>
      <docs>http://www.advanced-monolithic.com/pdf/ds1117.pdf</docs>
      <footprints>
        <fp>SOT?223*TabPin2*</fp>
      </footprints>
      <fields>
        <field name="Reference">U</field>
        <field name="Value">AMS1117-3.3</field>
        <field name="Footprint">Package_TO_SOT_SMD:SOT-223-3_TabPin2</field>
        <field name="Datasheet">http://www.advanced-monolithic.com/pdf/ds1117.pdf</field>
      </fields>
      <pins>
        <pin num="1" name="GND" type="power_in"/>
        <pin num="2" name="VO" type="power_out"/>
        <pin num="3" name="VI" type="power_in"/>
      </pins>
    </libpart>
    <libpart lib="Regulator_SwitchedCapacitor" part="ICL7660">
      <description>Switched-Capacitor Voltage Converter, 1.5V to 10.0V operating supply voltage, 10mA with a 0.5V output drop, SO-8/DIP-8/µMAX-8/TO-99</description>
      <docs>http://datasheets.maximintegrated.com/en/ds/ICL7660-MAX1044.pdf</docs>
      <footprints>
        <fp>DIP*W7.62mm*</fp>
        <fp>SOIC*3.9x4.9mm*</fp>
        <fp>MSOP*3x3mm*P0.65mm*</fp>
        <fp>TO?99*</fp>
      </footprints>
      <fields>
        <field name="Reference">U</field>
        <field name="Value">ICL7660</field>
        <field name="Datasheet">http://datasheets.maximintegrated.com/en/ds/ICL7660-MAX1044.pdf</field>
      </fields>
      <pins>
        <pin num="1" name="NC" type="no_connect"/>
        <pin num="2" name="CAP+" type="input"/>
        <pin num="3" name="GND" type="power_in"/>
        <pin num="4" name="CAP-" type="input"/>
        <pin num="5" name="VOUT" type="power_out"/>
        <pin num="6" name="LV" type="input"/>
        <pin num="7" name="OSC" type="input"/>
        <pin num="8" name="V+" type="power_in"/>
      </pins>
    </libpart>
    <libpart lib="Regulator_Switching" part="LM2675M-5">
      <description>5V, 1A Step-Down Voltage Regulator, SO-8</description>
      <docs>http://www.ti.com/lit/ds/symlink/lm2675.pdf</docs>
      <footprints>
        <fp>SOIC*3.9x4.9mm*P1.27mm*</fp>
      </footprints>
      <fields>
        <field name="Reference">U</field>
        <field name="Value">LM2675M-5</field>
        <field name="Footprint">Package_SO:SOIC-8_3.9x4.9mm_P1.27mm</field>
        <field name="Datasheet">http://www.ti.com/lit/ds/symlink/lm2675.pdf</field>
      </fields>
      <pins>
        <pin num="1" name="CB" type="input"/>
        <pin num="2" name="NC" type="no_connect"/>
        <pin num="3" name="NC" type="no_connect"/>
        <pin num="4" name="FB" type="input"/>
        <pin num="5" name="ON/~{OFF}" type="input"/>
        <pin num="6" name="GND" type="power_in"/>
        <pin num="7" name="VIN" type="power_in"/>
        <pin num="8" name="VSW" type="output"/>
      </pins>
    </libpart>
    <libpart lib="Switch" part="SW_MEC_5G">
      <description>MEC 5G single pole normally-open tactile switch</description>
      <docs>http://www.apem.com/int/index.php?controller=attachment&amp;id_attachment=488</docs>
      <footprints>
        <fp>SW*MEC*5G*</fp>
      </footprints>
      <fields>
        <field name="Reference">SW</field>
        <field name="Value">SW_MEC_5G</field>
        <field name="Datasheet">http://www.apem.com/int/index.php?controller=attachment&amp;id_attachment=488</field>
      </fields>
      <pins>
        <pin num="1" name="A" type="passive"/>
        <pin num="2" name="A" type="passive"/>
        <pin num="3" name="B" type="passive"/>
        <pin num="4" name="B" type="passive"/>
      </pins>
    </libpart>
    <libpart lib="Transistor_BJT" part="UMH3N">
      <description>0.1A Ic, 50V Vce, Dual NPN Input Resistor Transistors, SOT-363</description>
      <docs>http://rohmfs.rohm.com/en/products/databook/datasheet/discrete/transistor/digital/emh3t2r-e.pdf</docs>
      <footprints>
        <fp>SOT?363*</fp>
      </footprints>
      <fields>
        <field name="Reference">Q</field>
        <field name="Value">UMH3N</field>
        <field name="Footprint">Package_TO_SOT_SMD:SOT-363_SC-70-6</field>
        <field name="Datasheet">http://rohmfs.rohm.com/en/products/databook/datasheet/discrete/transistor/digital/emh3t2r-e.pdf</field>
      </fields>
      <pins>
        <pin num="1" name="E1" type="passive"/>
        <pin num="2" name="B1" type="input"/>
        <pin num="3" name="C2" type="passive"/>
        <pin num="4" name="E2" type="passive"/>
        <pin num="5" name="B2" type="input"/>
        <pin num="6" name="C1" type="passive"/>
      </pins>
    </libpart>
  </libparts>
  <libraries>
    <library logical="Amplifier_Operational">
      <uri>C:\Program Files\KiCad\7.0\share\kicad\symbols\/Amplifier_Operational.kicad_sym</uri>
    </library>
    <library logical="Connector">
      <uri>C:\Program Files\KiCad\7.0\share\kicad\symbols\/Connector.kicad_sym</uri>
    </library>
    <library logical="Connector_Generic">
      <uri>C:\Program Files\KiCad\7.0\share\kicad\symbols\/Connector_Generic.kicad_sym</uri>
    </library>
    <library logical="Device">
      <uri>C:\Program Files\KiCad\7.0\share\kicad\symbols\/Device.kicad_sym</uri>
    </library>
    <library logical="Diode">
      <uri>C:\Program Files\KiCad\7.0\share\kicad\symbols\/Diode.kicad_sym</uri>
    </library>
    <library logical="Interface_UART">
      <uri>C:\Program Files\KiCad\7.0\share\kicad\symbols\/Interface_UART.kicad_sym</uri>
    </library>
    <library logical="Interface_USB">
      <uri>C:\Program Files\KiCad\7.0\share\kicad\symbols\/Interface_USB.kicad_sym</uri>
    </library>
    <library logical="Mechanical">
      <uri>C:\Program Files\KiCad\7.0\share\kicad\symbols\/Mechanical.kicad_sym</uri>
    </library>
    <library logical="RF_Module">
      <uri>C:\Program Files\KiCad\7.0\share\kicad\symbols\/RF_Module.kicad_sym</uri>
    </library>
    <library logical="Regulator_Linear">
      <uri>C:\Program Files\KiCad\7.0\share\kicad\symbols\/Regulator_Linear.kicad_sym</uri>
    </library>
    <library logical="Regulator_SwitchedCapacitor">
      <uri>C:\Program Files\KiCad\7.0\share\kicad\symbols\/Regulator_SwitchedCapacitor.kicad_sym</uri>
    </library>
    <library logical="Regulator_Switching">
      <uri>C:\Program Files\KiCad\7.0\share\kicad\symbols\/Regulator_Switching.kicad_sym</uri>
    </library>
    <library logical="Switch">
      <uri>C:\Program Files\KiCad\7.0\share\kicad\symbols\/Switch.kicad_sym</uri>
    </library>
    <library logical="Transistor_BJT">
      <uri>C:\Program Files\KiCad\7.0\share\kicad\symbols\/Transistor_BJT.kicad_sym</uri>
    </library>
  </libraries>
  <nets>
    <net code="1" name="+3.3V">
      <node ref="C1" pin="1" pintype="passive"/>
      <node ref="C10" pin="1" pintype="passive"/>
      <node ref="C2" pin="1" pintype="passive"/>
      <node ref="C3" pin="1" pintype="passive"/>
      <node ref="D2" pin="2" pinfunction="A" pintype="passive"/>
      <node ref="J2" pin="1" pinfunction="Pin_1" pintype="passive"/>
      <node ref="J6" pin="6" pinfunction="Pin_6" pintype="passive"/>
      <node ref="R1" pin="1" pintype="passive"/>
      <node ref="U4" pin="2" pinfunction="VDD" pintype="power_in"/>
      <node ref="U5" pin="16" pinfunction="VCC" pintype="power_in"/>
      <node ref="U6" pin="2" pinfunction="VO" pintype="power_out"/>
    </net>
    <net code="2" name="+5V">
      <node ref="150u/35v1" pin="1" pintype="passive"/>
      <node ref="C9" pin="1" pintype="passive"/>
      <node ref="J6" pin="5" pinfunction="Pin_5" pintype="passive"/>
      <node ref="L1" pin="2" pinfunction="2" pintype="passive"/>
      <node ref="U1" pin="8" pinfunction="V+" pintype="power_in"/>
      <node ref="U2" pin="4" pinfunction="FB" pintype="input"/>
      <node ref="U6" pin="3" pinfunction="VI" pintype="power_in"/>
      <node ref="U7" pin="8" pinfunction="V+" pintype="power_in"/>
    </net>
    <net code="3" name="+24V">
      <node ref="C14" pin="1" pintype="passive"/>
      <node ref="J1" pin="13" pinfunction="P13" pintype="passive"/>
      <node ref="U2" pin="7" pinfunction="VIN" pintype="power_in"/>
    </net>
    <net code="4" name="-5V">
      <node ref="C17" pin="2" pintype="passive"/>
      <node ref="U1" pin="5" pinfunction="VOUT" pintype="power_out"/>
      <node ref="U7" pin="4" pinfunction="V-" pintype="power_in"/>
    </net>
    <net code="5" name="/+3.3V USB">
      <node ref="C15" pin="1" pintype="passive"/>
      <node ref="C8" pin="1" pintype="passive"/>
      <node ref="D3" pin="2" pinfunction="A" pintype="passive"/>
      <node ref="J3" pin="6" pinfunction="Pin_6" pintype="passive"/>
      <node ref="U3" pin="16" pinfunction="VCC" pintype="power_in"/>
      <node ref="U3" pin="4" pinfunction="V3" pintype="passive"/>
      <node ref="U8" pin="2" pinfunction="VO" pintype="power_out"/>
    </net>
    <net code="6" name="/+5V USB">
      <node ref="C13" pin="1" pintype="passive"/>
      <node ref="J3" pin="5" pinfunction="Pin_5" pintype="passive"/>
      <node ref="J4" pin="1" pinfunction="VBUS" pintype="power_out"/>
      <node ref="U8" pin="3" pinfunction="VI" pintype="power_in"/>
    </net>
    <net code="7" name="/CTRL">
      <node ref="J1" pin="9" pinfunction="P9" pintype="passive"/>
      <node ref="R11" pin="2" pintype="passive"/>
      <node ref="U7" pin="7" pintype="output"/>
    </net>
    <net code="8" name="/DAC1">
      <node ref="R8" pin="1" pintype="passive"/>
      <node ref="U4" pin="10" pinfunction="IO25" pintype="bidirectional"/>
    </net>
    <net code="9" name="/DAC2">
      <node ref="R9" pin="1" pintype="passive"/>
      <node ref="U4" pin="11" pinfunction="IO26" pintype="bidirectional"/>
    </net>
    <net code="10" name="/DIR">
      <node ref="J1" pin="1" pinfunction="1" pintype="passive"/>
    </net>
    <net code="11" name="/DTR">
      <node ref="Q1" pin="2" pinfunction="B1" pintype="input"/>
      <node ref="Q1" pin="3" pinfunction="C2" pintype="passive"/>
      <node ref="U3" pin="13" pinfunction="~{DTR}" pintype="output"/>
    </net>
    <net code="12" name="/EN">
      <node ref="C11" pin="1" pintype="passive"/>
      <node ref="J6" pin="3" pinfunction="Pin_3" pintype="passive"/>
      <node ref="R1" pin="2" pintype="passive"/>
      <node ref="SW5" pin="3" pinfunction="B" pintype="passive"/>
      <node ref="SW5" pin="4" pinfunction="B" pintype="passive"/>
      <node ref="U4" pin="3" pinfunction="EN" pintype="input"/>
    </net>
    <net code="13" name="/EN USB">
      <node ref="J3" pin="3" pinfunction="Pin_3" pintype="passive"/>
      <node ref="Q1" pin="6" pinfunction="C1" pintype="passive"/>
    </net>
    <net code="14" name="/GPIO0">
      <node ref="J6" pin="4" pinfunction="Pin_4" pintype="passive"/>
      <node ref="U4" pin="25" pinfunction="IO0" pintype="bidirectional"/>
    </net>
    <net code="15" name="/GPIO0 USB">
      <node ref="J3" pin="4" pinfunction="Pin_4" pintype="passive"/>
      <node ref="Q1" pin="4" pinfunction="E2" pintype="passive"/>
    </net>
    <net code="16" name="/R1IN">
      <node ref="J5" pin="3" pinfunction="3" pintype="passive"/>
      <node ref="U5" pin="13" pinfunction="R1IN" pintype="input"/>
    </net>
    <net code="17" name="/RPM">
      <node ref="J1" pin="14" pinfunction="P14" pintype="passive"/>
      <node ref="R6" pin="1" pintype="passive"/>
    </net>
    <net code="18" name="/RPM DIVIDED">
      <node ref="R6" pin="2" pintype="passive"/>
      <node ref="R7" pin="1" pintype="passive"/>
      <node ref="U4" pin="37" pinfunction="IO23" pintype="bidirectional"/>
    </net>
    <net code="19" name="/RTS">
      <node ref="Q1" pin="1" pinfunction="E1" pintype="passive"/>
      <node ref="Q1" pin="5" pinfunction="B2" pintype="input"/>
      <node ref="U3" pin="14" pinfunction="~{RTS}" pintype="output"/>
    </net>
    <net code="20" name="/SCL">
      <node ref="J2" pin="3" pinfunction="Pin_3" pintype="passive"/>
      <node ref="U4" pin="36" pinfunction="IO22" pintype="bidirectional"/>
    </net>
    <net code="21" name="/SDA">
      <node ref="J2" pin="4" pinfunction="Pin_4" pintype="passive"/>
      <node ref="U4" pin="33" pinfunction="IO21" pintype="bidirectional"/>
    </net>
    <net code="22" name="/SW1">
      <node ref="SW1" pin="1" pinfunction="A" pintype="passive"/>
      <node ref="SW1" pin="2" pinfunction="A" pintype="passive"/>
      <node ref="U4" pin="6" pinfunction="IO34" pintype="input"/>
    </net>
    <net code="23" name="/SW2">
      <node ref="SW3" pin="1" pinfunction="A" pintype="passive"/>
      <node ref="SW3" pin="2" pinfunction="A" pintype="passive"/>
      <node ref="U4" pin="7" pinfunction="IO35" pintype="input"/>
    </net>
    <net code="24" name="/SW3">
      <node ref="SW2" pin="1" pinfunction="A" pintype="passive"/>
      <node ref="SW2" pin="2" pinfunction="A" pintype="passive"/>
      <node ref="U4" pin="8" pinfunction="IO32" pintype="bidirectional"/>
    </net>
    <net code="25" name="/SW4">
      <node ref="SW4" pin="1" pinfunction="A" pintype="passive"/>
      <node ref="SW4" pin="2" pinfunction="A" pintype="passive"/>
      <node ref="U4" pin="9" pinfunction="IO33" pintype="bidirectional"/>
    </net>
    <net code="26" name="/T1OUT">
      <node ref="J5" pin="2" pinfunction="2" pintype="passive"/>
      <node ref="U5" pin="14" pinfunction="T1OUT" pintype="output"/>
    </net>
    <net code="27" name="/U0RX">
      <node ref="J6" pin="1" pinfunction="Pin_1" pintype="passive"/>
      <node ref="U4" pin="34" pinfunction="RXD0/IO3" pintype="bidirectional"/>
    </net>
    <net code="28" name="/U0RX USB">
      <node ref="J3" pin="1" pinfunction="Pin_1" pintype="passive"/>
      <node ref="U3" pin="2" pinfunction="TXD" pintype="output"/>
    </net>
    <net code="29" name="/U0TX">
      <node ref="J6" pin="2" pinfunction="Pin_2" pintype="passive"/>
      <node ref="U4" pin="35" pinfunction="TXD0/IO1" pintype="bidirectional"/>
    </net>
    <net code="30" name="/U0TX USB">
      <node ref="J3" pin="2" pinfunction="Pin_2" pintype="passive"/>
      <node ref="U3" pin="3" pinfunction="RXD" pintype="input"/>
    </net>
    <net code="31" name="/U2RX">
      <node ref="U4" pin="27" pinfunction="IO16" pintype="bidirectional"/>
      <node ref="U5" pin="12" pinfunction="R1OUT" pintype="output"/>
    </net>
    <net code="32" name="/U2TX">
      <node ref="U4" pin="28" pinfunction="IO17" pintype="bidirectional"/>
      <node ref="U5" pin="11" pinfunction="T1IN" pintype="input"/>
    </net>
    <net code="33" name="GND">
      <node ref="150u/35v1" pin="2" pintype="passive"/>
      <node ref="C1" pin="2" pintype="passive"/>
      <node ref="C10" pin="2" pintype="passive"/>
      <node ref="C11" pin="2" pintype="passive"/>
      <node ref="C14" pin="2" pintype="passive"/>
      <node ref="C17" pin="1" pintype="passive"/>
      <node ref="C2" pin="2" pintype="passive"/>
      <node ref="C3" pin="2" pintype="passive"/>
      <node ref="C6" pin="2" pintype="passive"/>
      <node ref="C7" pin="2" pintype="passive"/>
      <node ref="C9" pin="2" pintype="passive"/>
      <node ref="D1" pin="2" pinfunction="A" pintype="passive"/>
      <node ref="H1" pin="1" pinfunction="1" pintype="input"/>
      <node ref="H2" pin="1" pinfunction="1" pintype="input"/>
      <node ref="H3" pin="1" pinfunction="1" pintype="input"/>
      <node ref="H4" pin="1" pinfunction="1" pintype="input"/>
      <node ref="J1" pin="0" pinfunction="PAD" pintype="passive"/>
      <node ref="J1" pin="12" pinfunction="P12" pintype="passive"/>
      <node ref="J2" pin="2" pinfunction="Pin_2" pintype="passive"/>
      <node ref="J5" pin="0" pinfunction="PAD" pintype="passive"/>
      <node ref="J5" pin="5" pinfunction="5" pintype="passive"/>
      <node ref="J6" pin="7" pinfunction="Pin_7" pintype="passive"/>
      <node ref="R3" pin="2" pintype="passive"/>
      <node ref="R4" pin="2" pintype="passive"/>
      <node ref="R7" pin="2" pintype="passive"/>
      <node ref="SW5" pin="1" pinfunction="A" pintype="passive"/>
      <node ref="SW5" pin="2" pinfunction="A" pintype="passive"/>
      <node ref="U1" pin="3" pinfunction="GND" pintype="power_in"/>
      <node ref="U2" pin="6" pinfunction="GND" pintype="power_in"/>
      <node ref="U4" pin="1" pinfunction="GND" pintype="power_in"/>
      <node ref="U4" pin="15" pinfunction="GND" pintype="passive"/>
      <node ref="U4" pin="38" pinfunction="GND" pintype="passive"/>
      <node ref="U4" pin="39" pinfunction="GND" pintype="passive"/>
      <node ref="U5" pin="15" pinfunction="GND" pintype="power_in"/>
      <node ref="U6" pin="1" pinfunction="GND" pintype="power_in"/>
      <node ref="U7" pin="3" pinfunction="+" pintype="input"/>
      <node ref="U7" pin="5" pinfunction="+" pintype="input"/>
    </net>
    <net code="34" name="GND1">
      <node ref="C13" pin="2" pintype="passive"/>
      <node ref="C15" pin="2" pintype="passive"/>
      <node ref="C8" pin="2" pintype="passive"/>
      <node ref="H5" pin="1" pinfunction="1" pintype="input"/>
      <node ref="H6" pin="1" pinfunction="1" pintype="input"/>
      <node ref="H7" pin="1" pinfunction="1" pintype="input"/>
      <node ref="H8" pin="1" pinfunction="1" pintype="input"/>
      <node ref="J3" pin="7" pinfunction="Pin_7" pintype="passive"/>
      <node ref="J4" pin="4" pinfunction="ID" pintype="passive"/>
      <node ref="J4" pin="5" pinfunction="GND" pintype="power_out"/>
      <node ref="J4" pin="6" pinfunction="Shield" pintype="passive"/>
      <node ref="R5" pin="2" pintype="passive"/>
      <node ref="U3" pin="1" pinfunction="GND" pintype="power_in"/>
      <node ref="U8" pin="1" pinfunction="GND" pintype="power_in"/>
    </net>
    <net code="35" name="Net-(D1-K)">
      <node ref="C12" pin="2" pintype="passive"/>
      <node ref="D1" pin="1" pinfunction="K" pintype="passive"/>
      <node ref="L1" pin="1" pinfunction="1" pintype="passive"/>
      <node ref="U2" pin="8" pinfunction="VSW" pintype="output"/>
    </net>
    <net code="36" name="Net-(D2-K)">
      <node ref="D2" pin="1" pinfunction="K" pintype="passive"/>
      <node ref="R3" pin="1" pintype="passive"/>
    </net>
    <net code="37" name="Net-(D3-K)">
      <node ref="D3" pin="1" pinfunction="K" pintype="passive"/>
      <node ref="R5" pin="1" pintype="passive"/>
    </net>
    <net code="38" name="Net-(J4-D+)">
      <node ref="J4" pin="3" pinfunction="D+" pintype="bidirectional"/>
      <node ref="U3" pin="5" pinfunction="UD+" pintype="bidirectional"/>
    </net>
    <net code="39" name="Net-(J4-D-)">
      <node ref="J4" pin="2" pinfunction="D-" pintype="bidirectional"/>
      <node ref="U3" pin="6" pinfunction="UD-" pintype="bidirectional"/>
    </net>
    <net code="40" name="Net-(R4-Pad1)">
      <node ref="R4" pin="1" pintype="passive"/>
      <node ref="SW1" pin="3" pinfunction="B" pintype="passive"/>
      <node ref="SW1" pin="4" pinfunction="B" pintype="passive"/>
      <node ref="SW2" pin="3" pinfunction="B" pintype="passive"/>
      <node ref="SW2" pin="4" pinfunction="B" pintype="passive"/>
      <node ref="SW3" pin="3" pinfunction="B" pintype="passive"/>
      <node ref="SW3" pin="4" pinfunction="B" pintype="passive"/>
      <node ref="SW4" pin="3" pinfunction="B" pintype="passive"/>
      <node ref="SW4" pin="4" pinfunction="B" pintype="passive"/>
    </net>
    <net code="41" name="Net-(R10-Pad1)">
      <node ref="R10" pin="1" pintype="passive"/>
      <node ref="R2" pin="2" pintype="passive"/>
      <node ref="U7" pin="1" pintype="output"/>
    </net>
    <net code="42" name="Net-(U1-CAP+)">
      <node ref="C16" pin="1" pintype="passive"/>
      <node ref="U1" pin="2" pinfunction="CAP+" pintype="input"/>
    </net>
    <net code="43" name="Net-(U1-CAP-)">
      <node ref="C16" pin="2" pintype="passive"/>
      <node ref="U1" pin="4" pinfunction="CAP-" pintype="input"/>
    </net>
    <net code="44" name="Net-(U2-CB)">
      <node ref="C12" pin="1" pintype="passive"/>
      <node ref="U2" pin="1" pinfunction="CB" pintype="input"/>
    </net>
    <net code="45" name="Net-(U5-C1+)">
      <node ref="C4" pin="1" pintype="passive"/>
      <node ref="U5" pin="1" pinfunction="C1+" pintype="passive"/>
    </net>
    <net code="46" name="Net-(U5-C1-)">
      <node ref="C4" pin="2" pintype="passive"/>
      <node ref="U5" pin="3" pinfunction="C1-" pintype="passive"/>
    </net>
    <net code="47" name="Net-(U5-C2+)">
      <node ref="C5" pin="1" pintype="passive"/>
      <node ref="U5" pin="4" pinfunction="C2+" pintype="passive"/>
    </net>
    <net code="48" name="Net-(U5-C2-)">
      <node ref="C5" pin="2" pintype="passive"/>
      <node ref="U5" pin="5" pinfunction="C2-" pintype="passive"/>
    </net>
    <net code="49" name="Net-(U5-VS+)">
      <node ref="C6" pin="1" pintype="passive"/>
      <node ref="U5" pin="2" pinfunction="VS+" pintype="power_out"/>
    </net>
    <net code="50" name="Net-(U5-VS-)">
      <node ref="C7" pin="1" pintype="passive"/>
      <node ref="U5" pin="6" pinfunction="VS-" pintype="power_out"/>
    </net>
    <net code="51" name="Net-(U7A--)">
      <node ref="R2" pin="1" pintype="passive"/>
      <node ref="R8" pin="2" pintype="passive"/>
      <node ref="R9" pin="2" pintype="passive"/>
      <node ref="U7" pin="2" pinfunction="-" pintype="input"/>
    </net>
    <net code="52" name="Net-(U7B--)">
      <node ref="R10" pin="2" pintype="passive"/>
      <node ref="R11" pin="1" pintype="passive"/>
      <node ref="U7" pin="6" pinfunction="-" pintype="input"/>
    </net>
    <net code="53" name="unconnected-(J1-P10-Pad10)">
      <node ref="J1" pin="10" pinfunction="P10" pintype="passive+no_connect"/>
    </net>
    <net code="54" name="unconnected-(J1-P15-Pad15)">
      <node ref="J1" pin="15" pinfunction="P15" pintype="passive+no_connect"/>
    </net>
    <net code="55" name="unconnected-(J1-P111-Pad11)">
      <node ref="J1" pin="11" pinfunction="P111" pintype="passive+no_connect"/>
    </net>
    <net code="56" name="unconnected-(J1-Pad2)">
      <node ref="J1" pin="2" pinfunction="2" pintype="passive+no_connect"/>
    </net>
    <net code="57" name="unconnected-(J1-Pad3)">
      <node ref="J1" pin="3" pinfunction="3" pintype="passive+no_connect"/>
    </net>
    <net code="58" name="unconnected-(J1-Pad4)">
      <node ref="J1" pin="4" pinfunction="4" pintype="passive+no_connect"/>
    </net>
    <net code="59" name="unconnected-(J1-Pad5)">
      <node ref="J1" pin="5" pinfunction="5" pintype="passive+no_connect"/>
    </net>
    <net code="60" name="unconnected-(J1-Pad6)">
      <node ref="J1" pin="6" pinfunction="6" pintype="passive+no_connect"/>
    </net>
    <net code="61" name="unconnected-(J1-Pad7)">
      <node ref="J1" pin="7" pinfunction="7" pintype="passive+no_connect"/>
    </net>
    <net code="62" name="unconnected-(J1-Pad8)">
      <node ref="J1" pin="8" pinfunction="8" pintype="passive+no_connect"/>
    </net>
    <net code="63" name="unconnected-(J5-Pad1)">
      <node ref="J5" pin="1" pinfunction="1" pintype="passive+no_connect"/>
    </net>
    <net code="64" name="unconnected-(J5-Pad4)">
      <node ref="J5" pin="4" pinfunction="4" pintype="passive+no_connect"/>
    </net>
    <net code="65" name="unconnected-(J5-Pad6)">
      <node ref="J5" pin="6" pinfunction="6" pintype="passive+no_connect"/>
    </net>
    <net code="66" name="unconnected-(J5-Pad7)">
      <node ref="J5" pin="7" pinfunction="7" pintype="passive+no_connect"/>
    </net>
    <net code="67" name="unconnected-(J5-Pad8)">
      <node ref="J5" pin="8" pinfunction="8" pintype="passive+no_connect"/>
    </net>
    <net code="68" name="unconnected-(J5-Pad9)">
      <node ref="J5" pin="9" pinfunction="9" pintype="passive+no_connect"/>
    </net>
    <net code="69" name="unconnected-(J7-Pin_1-Pad1)">
      <node ref="J7" pin="1" pinfunction="Pin_1" pintype="passive"/>
    </net>
    <net code="70" name="unconnected-(J7-Pin_2-Pad2)">
      <node ref="J7" pin="2" pinfunction="Pin_2" pintype="passive"/>
    </net>
    <net code="71" name="unconnected-(J7-Pin_3-Pad3)">
      <node ref="J7" pin="3" pinfunction="Pin_3" pintype="passive"/>
    </net>
    <net code="72" name="unconnected-(J7-Pin_4-Pad4)">
      <node ref="J7" pin="4" pinfunction="Pin_4" pintype="passive"/>
    </net>
    <net code="73" name="unconnected-(J7-Pin_5-Pad5)">
      <node ref="J7" pin="5" pinfunction="Pin_5" pintype="passive"/>
    </net>
    <net code="74" name="unconnected-(J7-Pin_6-Pad6)">
      <node ref="J7" pin="6" pinfunction="Pin_6" pintype="passive"/>
    </net>
    <net code="75" name="unconnected-(J7-Pin_7-Pad7)">
      <node ref="J7" pin="7" pinfunction="Pin_7" pintype="passive"/>
    </net>
    <net code="76" name="unconnected-(J7-Pin_8-Pad8)">
      <node ref="J7" pin="8" pinfunction="Pin_8" pintype="passive"/>
    </net>
    <net code="77" name="unconnected-(J7-Pin_9-Pad9)">
      <node ref="J7" pin="9" pinfunction="Pin_9" pintype="passive"/>
    </net>
    <net code="78" name="unconnected-(J7-Pin_10-Pad10)">
      <node ref="J7" pin="10" pinfunction="Pin_10" pintype="passive"/>
    </net>
    <net code="79" name="unconnected-(J7-Pin_11-Pad11)">
      <node ref="J7" pin="11" pinfunction="Pin_11" pintype="passive"/>
    </net>
    <net code="80" name="unconnected-(J7-Pin_12-Pad12)">
      <node ref="J7" pin="12" pinfunction="Pin_12" pintype="passive"/>
    </net>
    <net code="81" name="unconnected-(J7-Pin_13-Pad13)">
      <node ref="J7" pin="13" pinfunction="Pin_13" pintype="passive"/>
    </net>
    <net code="82" name="unconnected-(J7-Pin_14-Pad14)">
      <node ref="J7" pin="14" pinfunction="Pin_14" pintype="passive"/>
    </net>
    <net code="83" name="unconnected-(J7-Pin_15-Pad15)">
      <node ref="J7" pin="15" pinfunction="Pin_15" pintype="passive"/>
    </net>
    <net code="84" name="unconnected-(J7-Pin_16-Pad16)">
      <node ref="J7" pin="16" pinfunction="Pin_16" pintype="passive"/>
    </net>
    <net code="85" name="unconnected-(U1-LV-Pad6)">
      <node ref="U1" pin="6" pinfunction="LV" pintype="input+no_connect"/>
    </net>
    <net code="86" name="unconnected-(U1-NC-Pad1)">
      <node ref="U1" pin="1" pinfunction="NC" pintype="no_connect"/>
    </net>
    <net code="87" name="unconnected-(U1-OSC-Pad7)">
      <node ref="U1" pin="7" pinfunction="OSC" pintype="input+no_connect"/>
    </net>
    <net code="88" name="unconnected-(U2-NC-Pad2)">
      <node ref="U2" pin="2" pinfunction="NC" pintype="no_connect"/>
    </net>
    <net code="89" name="unconnected-(U2-NC-Pad3)">
      <node ref="U2" pin="3" pinfunction="NC" pintype="no_connect"/>
    </net>
    <net code="90" name="unconnected-(U2-ON{slash}~{OFF}-Pad5)">
      <node ref="U2" pin="5" pinfunction="ON/~{OFF}" pintype="input+no_connect"/>
    </net>
    <net code="91" name="unconnected-(U3-NC-Pad7)">
      <node ref="U3" pin="7" pinfunction="NC" pintype="no_connect"/>
    </net>
    <net code="92" name="unconnected-(U3-NC-Pad8)">
      <node ref="U3" pin="8" pinfunction="NC" pintype="no_connect"/>
    </net>
    <net code="93" name="unconnected-(U3-R232-Pad15)">
      <node ref="U3" pin="15" pinfunction="R232" pintype="input+no_connect"/>
    </net>
    <net code="94" name="unconnected-(U3-~{CTS}-Pad9)">
      <node ref="U3" pin="9" pinfunction="~{CTS}" pintype="input+no_connect"/>
    </net>
    <net code="95" name="unconnected-(U3-~{DCD}-Pad12)">
      <node ref="U3" pin="12" pinfunction="~{DCD}" pintype="input+no_connect"/>
    </net>
    <net code="96" name="unconnected-(U3-~{DSR}-Pad10)">
      <node ref="U3" pin="10" pinfunction="~{DSR}" pintype="input+no_connect"/>
    </net>
    <net code="97" name="unconnected-(U3-~{RI}-Pad11)">
      <node ref="U3" pin="11" pinfunction="~{RI}" pintype="input+no_connect"/>
    </net>
    <net code="98" name="unconnected-(U4-IO2-Pad24)">
      <node ref="U4" pin="24" pinfunction="IO2" pintype="bidirectional"/>
    </net>
    <net code="99" name="unconnected-(U4-IO4-Pad26)">
      <node ref="U4" pin="26" pinfunction="IO4" pintype="bidirectional"/>
    </net>
    <net code="100" name="unconnected-(U4-IO5-Pad29)">
      <node ref="U4" pin="29" pinfunction="IO5" pintype="bidirectional"/>
    </net>
    <net code="101" name="unconnected-(U4-IO12-Pad14)">
      <node ref="U4" pin="14" pinfunction="IO12" pintype="bidirectional"/>
    </net>
    <net code="102" name="unconnected-(U4-IO13-Pad16)">
      <node ref="U4" pin="16" pinfunction="IO13" pintype="bidirectional"/>
    </net>
    <net code="103" name="unconnected-(U4-IO14-Pad13)">
      <node ref="U4" pin="13" pinfunction="IO14" pintype="bidirectional"/>
    </net>
    <net code="104" name="unconnected-(U4-IO15-Pad23)">
      <node ref="U4" pin="23" pinfunction="IO15" pintype="bidirectional"/>
    </net>
    <net code="105" name="unconnected-(U4-IO18-Pad30)">
      <node ref="U4" pin="30" pinfunction="IO18" pintype="bidirectional"/>
    </net>
    <net code="106" name="unconnected-(U4-IO19-Pad31)">
      <node ref="U4" pin="31" pinfunction="IO19" pintype="bidirectional"/>
    </net>
    <net code="107" name="unconnected-(U4-IO27-Pad12)">
      <node ref="U4" pin="12" pinfunction="IO27" pintype="bidirectional"/>
    </net>
    <net code="108" name="unconnected-(U4-NC-Pad32)">
      <node ref="U4" pin="32" pinfunction="NC" pintype="no_connect"/>
    </net>
    <net code="109" name="unconnected-(U4-SCK{slash}CLK-Pad20)">
      <node ref="U4" pin="20" pinfunction="SCK/CLK" pintype="bidirectional"/>
    </net>
    <net code="110" name="unconnected-(U4-SCS{slash}CMD-Pad19)">
      <node ref="U4" pin="19" pinfunction="SCS/CMD" pintype="bidirectional"/>
    </net>
    <net code="111" name="unconnected-(U4-SDI{slash}SD1-Pad22)">
      <node ref="U4" pin="22" pinfunction="SDI/SD1" pintype="bidirectional"/>
    </net>
    <net code="112" name="unconnected-(U4-SDO{slash}SD0-Pad21)">
      <node ref="U4" pin="21" pinfunction="SDO/SD0" pintype="bidirectional"/>
    </net>
    <net code="113" name="unconnected-(U4-SENSOR_VN-Pad5)">
      <node ref="U4" pin="5" pinfunction="SENSOR_VN" pintype="input"/>
    </net>
    <net code="114" name="unconnected-(U4-SENSOR_VP-Pad4)">
      <node ref="U4" pin="4" pinfunction="SENSOR_VP" pintype="input"/>
    </net>
    <net code="115" name="unconnected-(U4-SHD{slash}SD2-Pad17)">
      <node ref="U4" pin="17" pinfunction="SHD/SD2" pintype="bidirectional"/>
    </net>
    <net code="116" name="unconnected-(U4-SWP{slash}SD3-Pad18)">
      <node ref="U4" pin="18" pinfunction="SWP/SD3" pintype="bidirectional"/>
    </net>
    <net code="117" name="unconnected-(U5-R2IN-Pad8)">
      <node ref="U5" pin="8" pinfunction="R2IN" pintype="input+no_connect"/>
    </net>
    <net code="118" name="unconnected-(U5-R2OUT-Pad9)">
      <node ref="U5" pin="9" pinfunction="R2OUT" pintype="output+no_connect"/>
    </net>
    <net code="119" name="unconnected-(U5-T2IN-Pad10)">
      <node ref="U5" pin="10" pinfunction="T2IN" pintype="input+no_connect"/>
    </net>
    <net code="120" name="unconnected-(U5-T2OUT-Pad7)">
      <node ref="U5" pin="7" pinfunction="T2OUT" pintype="output+no_connect"/>
    </net>
  </nets>
</export>
